station,lat,lon,note
Central Police Station,28.6448,77.2167,synthetic demo station (approximate)
Connaught Place Police Station,28.6315,77.2167,approximate
Sector-7 Police Station,28.7041,77.1025,synthetic demo station (approximate)
Lajpat Nagar Police Station,28.5677,77.2433,approximate
Hauz Khas Police Station,28.5494,77.2001,approximate
Saket Police Station,28.5245,77.2066,approximate
Harbor Police Station,28.6562,77.2410,synthetic demo station (approximate)
Riverside Police Station,28.6692,77.2380,synthetic demo station (approximate)
Fort Police Station,28.6562,77.2410,approximate
Old Town Police Station,28.6506,77.2303,synthetic demo station (approximate)
Airport Road Police Station,28.5562,77.0999,approximate
East Market Police Station,28.6280,77.2900,synthetic demo station (approximate)
Nehru Place PS,28.5491,77.2530,approximate
Northgate Police Station,28.7196,77.1900,synthetic demo station (approximate)
Rohini Sector-18 PS,28.7180,77.1180,approximate
Pitampura Police Station,28.7000,77.1320,approximate
Janakpuri Police Station,28.6219,77.0878,approximate
Palam Village Police Station,28.5900,77.0800,approximate
Dwarka Sector-10 PS,28.5823,77.0500,approximate
Bijwasan PS,28.5400,77.0630,approximate
Kapashera Police Station,28.5240,77.0800,approximate
Uttam Nagar Police Station,28.6210,77.0550,approximate
Paschim Vihar PS,28.6690,77.1010,approximate
Vasant Kunj Police Station,28.5200,77.1590,approximate
High-Risk Financial Crimes Unit,28.6330,77.2200,synthetic demo unit (approximate)
